{"genome": [-0.5035422087710559, 0.24087046796650965, 1.466363241005932, -2.372052949180819, -0.6909289428589049, -0.9125095145039763, 0.5507557127146209, 1.548075771300135, 1.3720860380009374, -0.9628871561540725, -0.5015778212869983, 0.8884193402217396, 0.6427572226313958, 1.194783979443786, 1.3719719814532083, -0.3028638515132648, -0.054671760389786134, 0.12171133731156794, -0.4844486348995688, 0.5266202008126325, -1.6273123081921612, 1.4788924912526837, -0.35997897477893287, 0.7476320393157463, 1.1161523409909493, 0.010785753772857232, -0.03818461044851876, 0.3514485911534095, 1.0304558007080515, -0.46376973603773514, 1.5745833413800554, 1.1394560414268482, -0.3332071270467774, 1.0128390964523861, 0.12990143416429234, -1.2100626907345027, 0.8947965134619317, 0.37494326376137443, 1.114718196422284, -0.09903670628430286, 0.623736696521936, 0.8285123607178934, 1.1556846634711824, -0.6511810598842747, -2.078294213652743, -1.5989727235388598, 0.9977346878845019, 2.3824928635763336, 0.4661427362468537, 0.06483081937967121, 0.7475840656206906, -0.33681266428444373, -0.16177367118696345, -1.543959745016858, -0.701369318951152, 1.8040892991458475, 1.066960009515421, 1.0409650785801539, 1.4870453174781235, 1.2269229510069235, 0.20755608803076991, -0.10751386122924297, 0.996615430741391, -0.7220373336063372, 0.8855781028140537, -0.9830497734786086, -0.45665092663417867, 0.5818856065621665, 0.45916883369504274, -0.9847036722161372, 0.4711909619093317, -0.299582707580291, -1.711800229104823, -0.9211748432697762, -0.17900334271439539, -0.9119020880999341, 0.5242678920408113, 0.25554506907237373, 0.9288916437706288, -0.3767672565907847, -0.8960688799849629, 0.05219382822791058, -1.2342664748379082, 1.0130420863100527, -0.801246774555761, -0.24496235291465124, -1.7297361742634134, 0.9419072501706022, 0.6272586457948808, -0.6014790640371761, 0.41461796344508645, -1.6106413309293675, 0.7496283703955728, 0.5799804415288141, 1.3250456891173603, 1.875950977622795, 0.11472122000094184], "fitness": 10259.694038548248, "generation": 41}