{
  "mean_genome": [
    -1.760873429880305,
    0.7868607846059724,
    -0.7443893432759483,
    -0.06974130813133705,
    -0.1935742562357224,
    -0.036060710918058354,
    -0.4226056766042273,
    -0.2615763504048916,
    -0.23009046583204795,
    -0.18148975489408276,
    1.125535162042948,
    -1.5713767814885877,
    -2.0222554376815536,
    -1.7352106810120909,
    0.4432565653439285,
    1.2432559649050816,
    -0.26861431371168654,
    1.230584898787612,
    2.526238836731719,
    -0.9099251156899325,
    -0.4125448913970838,
    -0.5975923744733224,
    1.4564218395073805,
    -0.09672226418724858,
    -1.2092817875174733,
    -0.3295165527206877,
    1.110322200196485,
    0.9472818598900086,
    1.5842595046723946,
    -0.25194240076348223,
    -0.951817612104692,
    -0.36416821721324727,
    -1.3005560659414446,
    2.175006039854024,
    0.15404254090469874,
    1.4933525628011695,
    -3.1297748587901317,
    -1.0313772498009122,
    -1.4046147210761337,
    0.5073375995833759,
    0.748832907623258,
    -0.12544977728658416,
    -1.436077633155051,
    1.8607909288278262,
    -0.720775402206851,
    2.2177149497155506,
    -1.0687371424520888,
    0.8817009292525078,
    -0.4888620974595013,
    -1.1284250054623088,
    -0.5267492888981404,
    -0.34667390339987414,
    0.35074473063958034,
    -0.49058056642404485,
    1.0356545021096615,
    0.3453295946623517,
    -1.3678357662108298,
    -0.005568794484149985,
    0.5041351370920554,
    0.5238536678600202,
    1.2309711063205557,
    1.5889380913249713,
    -0.7715684427190183,
    0.026699020339739164,
    -0.31543049543538776,
    0.47361375849329573,
    1.5138309197843003,
    -1.9307736677987783,
    1.7406004073445231,
    -1.7011290477666166,
    0.011382680853070058,
    -0.7114768229811425,
    1.5352404741009003,
    0.2667840859059142,
    1.1042491267600263,
    -0.003715258455374411,
    -1.03816040747988,
    0.6934164898578403,
    0.6809414050759669,
    0.791606364235257,
    -0.5333808403056532,
    -0.023481466323838525,
    -0.3699326890904448,
    0.3350198213640965,
    -0.05898437535397962,
    0.6707789708515512,
    -0.3375757519515895,
    -0.28756649291348513,
    0.5573992351359135,
    -0.0038129699421567188,
    0.600479186308356,
    0.3893936108569792,
    0.9536246456864942,
    -1.1831386730923843,
    1.6848870238426013,
    -1.2357593930615915,
    0.49284547871137063
  ],
  "best_genome": null,
  "best_fitness": 0.0,
  "generation": 0,
  "fitness_history": []
}